date,code,open,high,low,close,preclose,volume,amount,adjustflag,turn,tradestatus,pctChg,peTTM,pbMRQ,psTTM,pcfNcfTTM,isST
2025-01-02,sz.000004,13.7300,14.3900,13.3300,14.1800,13.8400,11976037,167987024.3300,3,9.483100,1,2.456600,-11.909361,11.750763,17.811005,-69.708619,0
2025-01-03,sz.000004,14.2000,14.4000,12.7600,12.8000,14.1800,12392975,164927376.6900,3,9.813300,1,-9.732000,-10.750340,10.607176,16.077635,-62.924564,0
2025-01-06,sz.000004,12.4000,12.9300,12.1000,12.5200,12.8000,8481046,106111266.0200,3,6.715600,1,-2.187500,-10.515177,10.375144,15.725937,-61.548089,0
2025-01-07,sz.000004,12.6500,13.1200,12.6500,13.1100,12.5200,8609707,110966824.3300,3,6.817500,1,4.712500,-11.010700,10.864069,16.467016,-64.448518,0
2025-01-08,sz.000004,13.0300,13.4800,12.8900,13.4000,13.1100,9978201,132231151.0500,3,7.901100,1,2.212100,-11.254263,11.104388,16.831275,-65.874153,0
2025-01-09,sz.000004,13.3600,13.5300,13.2100,13.2600,13.4000,8288430,110927265.1000,3,6.563100,1,-1.044800,-11.136681,10.988372,16.655425,-65.185916,0
2025-01-10,sz.000004,13.2600,13.3600,12.5000,12.5100,13.2600,8202345,105864325.4200,3,6.494900,1,-5.656100,-10.506778,10.366858,15.713376,-61.498930,0
2025-01-13,sz.000004,12.3900,12.5100,11.8700,12.4700,12.5100,6998700,86099245.0000,3,5.541900,1,-0.319700,-10.473183,10.333710,15.663134,-61.302290,0
2025-01-14,sz.000004,12.5300,13.2000,12.5300,13.2000,12.4700,7852000,101668375.0000,3,6.217500,1,5.854000,-11.086289,10.938651,16.580061,-64.890957,0
2025-01-15,sz.000004,13.5700,13.9000,13.2800,13.4200,13.2000,11741000,158510948.0000,3,9.297000,1,1.666700,-11.271060,11.120962,16.856396,-65.972473,0
2025-01-16,sz.000004,13.5600,13.8400,13.3600,13.5900,13.4200,9592901,130617429.7200,3,7.596000,1,1.266800,-11.413838,11.261838,17.069927,-66.808190,0
2025-01-17,sz.000004,13.4800,13.5400,13.1900,13.3000,13.5900,6934700,92345381.0000,3,5.491200,1,-2.133900,-11.170276,11.021519,16.705668,-65.382555,0
2025-01-20,sz.000004,11.9700,11.9700,11.9700,11.9700,13.3000,4459000,53374230.0000,3,3.530800,1,-10.000000,-10.053248,9.919367,15.035101,-58.844299,0
2025-01-21,sz.000004,11.2500,11.8200,11.2500,11.4500,11.9700,20923300,238461195.0000,3,16.567900,1,-4.344200,-9.616515,9.488451,14.381947,-56.287989,0
2025-01-22,sz.000004,11.0900,11.2000,10.7000,10.8000,11.4500,14333751,155645547.7200,3,11.350000,1,-5.676900,-9.070600,8.949805,13.565505,-53.092601,0
2025-01-23,sz.000004,10.8300,11.2900,10.5800,10.6000,10.8000,12312150,134778075.5000,3,9.749300,1,-1.851900,-8.902626,8.784068,13.314292,-52.109405,0
2025-01-24,sz.000004,10.5000,10.6800,10.3500,10.5300,10.6000,8643001,90632445.4200,3,6.843900,1,-0.660400,-8.843835,8.726060,13.226367,-51.765286,0
2025-01-27,sz.000004,10.5800,10.7700,10.3500,10.4100,10.5300,6920950,72925018.5000,3,5.480300,1,-1.139600,-8.743050,8.626618,13.075639,-51.175368,0
2025-02-05,sz.000004,10.6500,11.4500,10.6200,11.4500,10.4100,10050547,112119188.2400,3,7.958400,1,9.990400,-9.616515,9.488451,14.381947,-56.287989,0
2025-02-06,sz.000004,11.6200,12.1700,11.5600,11.8800,11.4500,21744247,257024217.5200,3,17.218000,1,3.755500,-9.977660,9.844786,14.922055,-58.401861,0
2025-02-07,sz.000004,11.8800,13.0700,11.8000,12.7000,11.8800,22091146,277873723.7000,3,17.492700,1,6.902400,-10.666353,10.524308,15.952029,-62.432966,0
2025-02-10,sz.000004,12.9500,13.9700,12.6000,13.9700,12.7000,19405000,259610794.0000,3,15.365700,1,10.000000,-11.732989,11.576739,17.547232,-68.676263,0
2025-02-11,sz.000004,14.2500,14.5900,13.6700,13.7000,13.9700,27032195,379106749.7400,3,21.405200,1,-1.932700,-11.506224,11.352994,17.208094,-67.348948,0
2025-02-12,sz.000004,13.6700,14.1800,13.4500,14.0000,13.7000,18370953,256068396.4000,3,14.546900,1,2.189800,-11.758185,11.601599,17.584914,-68.823742,0
2025-02-13,sz.000004,14.0100,14.1200,13.5400,13.5700,14.0000,14127316,193597086.5600,3,11.186600,1,-3.071400,-11.397041,11.245264,17.044806,-66.709870,0
2025-02-14,sz.000004,13.5700,13.8300,13.2400,13.6600,13.5700,11749500,159563595.0000,3,9.303700,1,0.663200,-11.472629,11.319846,17.157852,-67.152308,0
2025-02-17,sz.000004,13.7400,13.9400,13.5500,13.7700,13.6600,10769610,148199355.5000,3,8.527800,1,0.805300,-11.565015,11.411002,17.296019,-67.693066,0
2025-02-18,sz.000004,13.7700,13.8000,13.0000,13.1500,13.7700,10907300,145144533.0000,3,8.636800,1,-4.502500,-11.044295,10.897216,16.517258,-64.645158,0
2025-02-19,sz.000004,13.2300,13.3900,13.0200,13.2300,13.1500,7931030,104546174.5000,3,6.280100,1,0.608400,-11.111485,10.963511,16.617743,-65.038436,0
2025-02-20,sz.000004,13.1500,13.2800,12.9400,13.1200,13.2300,7031000,91963589.0000,3,5.567400,1,-0.831400,-11.019099,10.872356,16.479576,-64.497678,0
2025-02-21,sz.000004,13.1200,13.4200,12.7500,13.3900,13.1200,10709700,140586570.0000,3,8.480400,1,2.057900,-11.245864,11.096101,16.818714,-65.824993,0
2025-02-24,sz.000004,12.0500,12.9400,12.0500,12.7800,13.3900,15286600,192167648.0000,3,12.104500,1,-4.555600,-10.733543,10.590603,16.052514,-62.826245,0
2025-02-25,sz.000004,12.8000,13.4800,12.8000,13.2000,12.7800,17562537,232086428.6000,3,13.906700,1,3.286400,-11.086289,10.938651,16.580061,-64.890957,0
2025-02-26,sz.000004,13.3600,13.4800,12.7200,12.8200,13.2000,12384337,159198427.4500,3,9.806400,1,-2.878800,-10.767138,10.623750,16.102757,-63.022884,0
2025-02-27,sz.000004,12.8200,13.1500,12.3500,12.5600,12.8200,9893400,125385664.0000,3,7.834000,1,-2.028100,-10.548772,10.408292,15.776180,-61.744729,0
2025-02-28,sz.000004,12.5100,12.6100,12.0500,12.0800,12.5600,7871400,96886805.0000,3,6.232900,1,-3.821700,-10.145634,10.010523,15.173268,-59.385057,0
2025-03-03,sz.000004,12.3000,12.4500,12.0600,12.1800,12.0800,7019500,85954527.0000,3,5.558300,1,0.827800,-10.229621,10.093391,15.298875,-59.876656,0
2025-03-04,sz.000004,12.1200,12.3000,11.9200,12.2800,12.1800,6093317,74074887.0000,3,4.824900,1,0.821000,-10.313608,10.176260,15.424481,-60.368254,0
2025-03-05,sz.000004,12.2500,12.3000,11.8800,12.1800,12.2800,6963300,83859082.0000,3,5.513800,1,-0.814300,-10.229621,10.093391,15.298875,-59.876656,0
2025-03-06,sz.000004,12.2500,12.7600,12.1800,12.6500,12.1800,11061500,138683653.0000,3,8.758900,1,3.858800,-10.624360,10.482874,15.889226,-62.187167,0
2025-03-07,sz.000004,12.5400,12.6100,12.1700,12.2400,12.6500,8663200,106966780.0000,3,6.859900,1,-3.241100,-10.280013,10.143112,15.374239,-60.171614,0
2025-03-10,sz.000004,12.2500,12.2500,12.0600,12.1500,12.2400,4915400,59655045.0000,3,3.892200,1,-0.735300,-10.204425,10.068531,15.261193,-59.729176,0
2025-03-11,sz.000004,12.1500,12.2500,11.9600,12.2300,12.1500,4841700,58634649.0000,3,3.833900,1,0.658400,-10.271614,10.134826,15.361678,-60.122455,0
2025-03-12,sz.000004,12.3100,12.3500,12.1700,12.2500,12.2300,5022200,61486916.0000,3,3.976800,1,0.163500,-10.288412,10.151399,15.386799,-60.220774,0
2025-03-13,sz.000004,12.2400,12.2400,11.8500,12.0200,12.2500,5491633,65883726.3200,3,4.348500,1,-1.877600,-10.095242,9.960802,15.097904,-59.090099,0
2025-03-14,sz.000004,12.0300,12.2700,11.9000,12.2600,12.0200,6365000,77099556.0000,3,5.040100,1,1.996700,-10.296810,10.159686,15.399360,-60.269934,0
2025-03-17,sz.000004,12.3500,12.6700,12.3500,12.4300,12.2600,9584800,119880263.0000,3,7.589600,1,1.386600,-10.439588,10.300563,15.612891,-61.105651,0
2025-03-18,sz.000004,12.4300,12.4300,12.1700,12.2200,12.4300,6047100,74071756.0000,3,4.788300,1,-1.689500,-10.263216,10.126539,15.349118,-60.073295,0
2025-03-19,sz.000004,12.2100,12.2100,11.9600,12.0000,12.2200,5128100,61839999.0000,3,4.060600,1,-1.800300,-10.078444,9.944228,15.072783,-58.991779,0
2025-03-20,sz.000004,11.9900,12.0900,11.8800,11.9600,12.0000,4039400,48422349.0000,3,3.198600,1,-0.333300,-10.044849,9.911080,15.022541,-58.795140,0
2025-03-21,sz.000004,11.9500,11.9600,11.6000,11.6500,11.9600,4874932,57100365.4800,3,3.860200,1,-2.592000,-9.784490,9.654188,14.633160,-57.271185,0
2025-03-24,sz.000004,11.1300,11.2100,10.4900,10.5000,11.6500,15188900,162378169.0000,3,12.027200,1,-9.871200,-8.818639,8.701199,13.188685,-51.617807,0
2025-03-25,sz.000004,10.4000,10.4300,10.0400,10.2500,10.5000,9250500,94362495.0000,3,7.324900,1,-2.381000,-8.608671,8.494028,12.874669,-50.388811,0
2025-03-26,sz.000004,10.2400,10.3700,10.1400,10.3600,10.2500,4815700,49640790.0000,3,3.813300,1,1.073200,-8.701057,8.585183,13.012836,-50.929569,0
2025-03-27,sz.000004,10.3600,10.4000,10.0100,10.1700,10.3600,4839000,49153422.0000,3,3.831700,1,-1.834000,-8.541481,8.427733,12.774184,-49.995533,0
2025-03-28,sz.000004,10.2000,10.2500,9.9600,10.0000,10.1700,4398800,44256887.0000,3,3.483100,1,-1.671600,-8.398703,8.286857,12.560653,-49.159816,0
2025-03-31,sz.000004,9.8800,9.9700,9.5700,9.7400,10.0000,5423500,52540211.0000,3,4.294500,1,-2.600000,-8.180337,8.071398,12.234076,-47.881661,0
2025-04-01,sz.000004,9.8900,10.3000,9.8500,10.1000,9.7400,6704100,67550741.0000,3,5.308600,1,3.696100,-8.482690,8.369725,12.686259,-49.651414,0
2025-04-02,sz.000004,10.0300,10.1700,9.9100,9.9500,10.1000,3922000,39304870.0000,3,3.105600,1,-1.485100,-8.356710,8.245422,12.497849,-48.914017,0
2025-04-03,sz.000004,9.9100,9.9600,9.7500,9.8200,9.9500,3474900,34174047.0000,3,2.751600,1,-1.306500,-8.247527,8.137693,12.334561,-48.274939,0
2025-04-07,sz.000004,9.3200,9.3200,8.8400,8.8400,9.8200,2455400,21882659.0000,3,1.944300,1,-9.979600,-7.424454,7.325581,11.103617,-43.457277,0
2025-04-08,sz.000004,8.4900,9.0000,8.3500,8.6600,8.8400,6976800,60315630.0000,3,5.524500,1,-2.036200,-7.273277,7.176418,10.877525,-42.572400,0
2025-04-09,sz.000004,8.5900,8.9300,7.8000,8.8800,8.6600,7335400,61248520.0000,3,5.808500,1,2.540400,-7.458049,7.358729,11.153860,-43.653916,0
2025-04-10,sz.000004,8.9100,9.3000,8.9100,9.1200,8.8800,6545600,59950988.0000,3,5.183100,1,2.702700,-7.659618,7.557613,11.455315,-44.833752,0
2025-04-11,sz.000004,9.2000,9.2300,9.0400,9.1500,9.1200,4145900,37856123.0000,3,3.282900,1,0.328900,-7.684814,7.582474,11.492997,-44.981231,0
2025-04-14,sz.000004,9.2000,9.3600,9.2000,9.3300,9.1500,4060700,37750579.0000,3,3.215400,1,1.967200,-7.835990,7.731637,11.719089,-45.866108,0
2025-04-15,sz.000004,9.3500,10.2600,9.3500,10.2600,9.3300,14420700,146717116.9400,3,11.418900,1,9.967800,-8.617070,8.502315,12.887230,-50.437971,0
2025-04-16,sz.000004,10.1500,10.1500,9.5800,9.7400,10.2600,15531400,152055575.3800,3,12.298400,1,-5.068200,-8.180337,8.071398,12.234076,-47.881661,0
2025-04-17,sz.000004,9.6900,10.3100,9.6100,10.2800,9.7400,14450270,145911880.9700,3,11.442300,1,5.544100,-8.633867,8.518889,12.912351,-50.536291,0
2025-04-18,sz.000004,10.1800,10.2700,9.7300,9.9500,10.2800,10392450,103113956.5000,3,8.229200,1,-3.210100,-8.356710,8.245422,12.497849,-48.914017,0
2025-04-21,sz.000004,9.0100,9.5500,9.0100,9.4700,9.9500,10690903,99685782.6500,3,8.465500,1,-4.824100,-7.953572,7.847653,11.894938,-46.554346,0
2025-04-22,sz.000004,9.2300,9.4000,9.0600,9.1000,9.4700,8249733,75520845.3000,3,6.532500,1,-3.907100,-7.642820,7.541040,11.430194,-44.735432,0
2025-04-23,sz.000004,9.1600,9.2400,9.0500,9.0500,9.1000,5819672,52976249.0400,3,4.608300,1,-0.549500,-7.600827,7.499605,11.367391,-44.489633,0
2025-04-24,sz.000004,9.0000,9.0400,8.6000,8.7100,9.0500,6473550,56638521.0000,3,5.126000,1,-3.756900,-7.315271,7.217852,10.940328,-42.818200,0
2025-04-25,sz.000004,8.7100,8.8500,8.6800,8.7400,8.7100,3866651,33878811.7400,3,3.061800,1,0.344400,-7.340467,7.242713,10.978010,-42.965679,0
2025-04-28,sz.000004,8.6800,8.6800,8.2600,8.3900,8.7400,6596000,55221177.0000,3,5.223000,1,-4.004600,-7.046512,6.952673,10.538388,-41.245085,0
2025-04-29,sz.000004,8.3900,8.3900,8.3900,8.3900,8.3900,,,3,,0,,-8.384190,21.216436,10.937644,-57.873197,0
2025-04-30,sz.000004,7.9700,7.9700,7.9700,7.9700,8.3900,144100,1148477.0000,3,0.114100,1,-5.006000,-7.964480,20.154350,10.390110,-54.976088,1
2025-05-06,sz.000004,7.5700,7.5700,7.5700,7.5700,7.9700,918100,6950017.0000,3,0.727000,1,-5.018800,-7.564757,19.142839,9.868649,-52.216937,1
2025-05-07,sz.000004,7.1900,7.9000,7.1900,7.7300,7.5700,29112498,212008743.9400,3,23.052400,1,2.113600,-7.724647,19.547443,10.077233,-53.320597,1
2025-05-08,sz.000004,7.5000,7.8200,7.3700,7.4900,7.7300,16406632,124146140.1200,3,12.991400,1,-3.104800,-7.484813,18.940537,9.764357,-51.665107,1
2025-05-09,sz.000004,7.5700,7.8600,7.5600,7.7300,7.4900,15854920,122842336.8800,3,12.554600,1,3.204300,-7.724647,19.547443,10.077233,-53.320597,1
2025-05-12,sz.000004,7.8000,8.1200,7.8000,8.1200,7.7300,8486801,67758207.3200,3,6.720200,1,5.045300,-8.114377,20.533666,10.585658,-56.010770,1
2025-05-13,sz.000004,8.4600,8.5300,8.1900,8.5300,8.1200,14644832,123571285.5500,3,11.596400,1,5.049300,-8.524093,21.570465,11.120155,-58.838900,1
2025-05-14,sz.000004,8.7600,8.9500,8.3200,8.4800,8.5300,14758951,127007991.6300,3,11.686700,1,-0.586200,-8.474127,21.444026,11.054972,-58.494006,1
2025-05-15,sz.000004,8.6500,8.9000,8.5000,8.7000,8.4800,13892601,121867835.7900,3,11.000700,1,2.594300,-8.693975,22.000357,11.341776,-60.011539,1
2025-05-16,sz.000004,8.6000,8.7400,8.2700,8.2700,8.7000,16492251,138152481.3800,3,13.059200,1,-4.942500,-8.264273,20.912983,10.781205,-57.045452,1
2025-05-19,sz.000004,8.4500,8.6600,8.3000,8.5900,8.2700,10474000,89232454.0000,3,8.293700,1,3.869400,-8.584051,21.722191,11.198374,-59.252773,1
2025-05-20,sz.000004,8.7000,9.0200,8.6600,9.0200,8.5900,12233860,109401689.0000,3,9.687300,1,5.005800,-9.013753,22.809565,11.758945,-62.218860,1
2025-05-21,sz.000004,9.0000,9.4700,8.8800,9.4700,9.0200,12509964,115551466.1400,3,9.905900,1,4.988900,-9.463442,23.947515,12.345588,-65.322905,1
2025-05-22,sz.000004,9.5900,9.9000,9.1400,9.4000,9.4700,13294419,127525675.7300,3,10.527100,1,-0.739200,-9.393490,23.770500,12.254333,-64.840054,1
2025-05-23,sz.000004,9.5100,9.5300,8.9600,9.0900,9.4000,10103800,93137140.0000,3,8.000600,1,-3.297900,-9.083705,22.986580,11.850200,-62.701712,1
2025-05-26,sz.000004,9.0800,9.5400,9.0800,9.5400,9.0900,7510468,70462515.6000,3,5.947100,1,4.950500,-9.533393,24.124529,12.436844,-65.805757,1
2025-05-27,sz.000004,9.8400,10.0200,9.6800,10.0200,9.5400,8436000,83525284.0000,3,6.680000,1,5.031400,-10.013061,25.338342,13.062597,-69.116738,1
2025-05-28,sz.000004,10.1500,10.5200,9.7300,9.9400,10.0200,13568600,137804449.0000,3,10.744200,1,-0.798400,-9.933116,25.136040,12.958305,-68.564908,1
2025-05-29,sz.000004,10.1000,10.3600,9.8100,9.8900,9.9400,9580100,96535213.0000,3,7.585900,1,-0.503000,-9.883151,25.009601,12.893122,-68.220014,1
2025-05-30,sz.000004,9.5900,10.3800,9.5900,10.3800,9.8900,12161216,122877438.6400,3,9.629700,1,4.954500,-10.372811,26.248702,13.531912,-71.599974,1
2025-06-03,sz.000004,10.2500,10.7000,10.1300,10.2600,10.3800,9258216,96437714.0000,3,7.331000,1,-1.156100,-10.252895,25.945248,13.375474,-70.772229,1
2025-06-04,sz.000004,10.1800,10.4000,10.0000,10.1200,10.2600,7046216,71547921.1200,3,5.579500,1,-1.364500,-10.112991,25.591220,13.192962,-69.806526,1
2025-06-05,sz.000004,10.1000,10.2500,9.7400,9.8600,10.1200,7217400,72090766.0000,3,5.715000,1,-2.569200,-9.853172,24.933738,12.854013,-68.013078,1
2025-06-06,sz.000004,9.8600,10.0200,9.7500,9.8900,9.8600,5555530,54878218.5000,3,4.399100,1,0.304300,-9.883151,25.009601,12.893122,-68.220014,1
2025-06-09,sz.000004,9.9000,10.1500,9.7400,9.9600,9.8900,6638100,65923079.0000,3,5.256300,1,0.707800,-9.953102,25.186615,12.984378,-68.702865,1
2025-06-10,sz.000004,9.9000,10.0500,9.6700,9.8200,9.9600,9551498,94073958.5600,3,7.563300,1,-1.405600,-9.813199,24.832587,12.801867,-67.737163,1
2025-06-11,sz.000004,9.8300,10.1100,9.8100,10.1000,9.8200,6384200,63828953.0000,3,5.055300,1,2.851300,-10.093005,25.540644,13.166889,-69.668568,1
2025-06-12,sz.000004,10.1000,10.1900,9.7200,9.8000,10.1000,7671200,76138733.0000,3,6.074400,1,-2.970300,-9.793213,24.782011,12.775794,-67.599205,1
2025-06-13,sz.000004,9.7500,9.8000,9.3100,9.3100,9.8000,8125751,76674763.7600,3,6.434300,1,-5.000000,-9.303552,23.542911,12.137004,-64.219245,1
2025-06-16,sz.000004,9.2000,9.5500,9.2000,9.5000,9.3100,4531800,42746989.0000,3,3.588500,1,2.040800,-9.493421,24.023378,12.384698,-65.529842,1
2025-06-17,sz.000004,9.4400,9.6200,9.3300,9.4200,9.5000,3521300,33354311.0000,3,2.788300,1,-0.842100,-9.413476,23.821076,12.280406,-64.978011,1
2025-06-18,sz.000004,9.4000,9.4100,9.0800,9.2000,9.4200,4791101,44159042.1200,3,3.793800,1,-2.335500,-9.193629,23.264745,11.993602,-63.460478,1
2025-06-19,sz.000004,9.1800,9.3000,8.8500,8.9000,9.2000,4722200,42736638.0000,3,3.739200,1,-3.260900,-8.893836,22.506112,11.602506,-61.391115,1
2025-06-20,sz.000004,8.9200,8.9700,8.5200,8.5700,8.9000,4151000,35937122.0000,3,3.286900,1,-3.707900,-8.564065,21.671616,11.172301,-59.114815,1
2025-06-23,sz.000004,8.5500,8.8400,8.4000,8.7500,8.5700,3895007,33507715.8500,3,3.084200,1,2.100400,-8.743940,22.126796,11.406959,-60.356433,1
2025-06-24,sz.000004,8.8000,9.1500,8.7500,8.9700,8.7500,3614100,32442681.2700,3,2.861800,1,2.514300,-8.963788,22.683126,11.693762,-61.873966,1
2025-06-25,sz.000004,9.0500,9.0500,8.7200,8.8000,8.9700,3394800,29956963.0000,3,2.688100,1,-1.895200,-8.793906,22.253234,11.472141,-60.701327,1
2025-06-26,sz.000004,8.7800,8.8700,8.7200,8.7500,8.8000,2680300,23581187.0000,3,2.122400,1,-0.568200,-8.743940,22.126796,11.406959,-60.356433,1
2025-06-27,sz.000004,8.7600,8.8100,8.6500,8.6700,8.7500,3556700,31000105.0000,3,2.816300,1,-0.914300,-8.663996,21.924493,11.302666,-59.804603,1
2025-06-30,sz.000004,8.6300,8.9200,8.6300,8.8500,8.6700,4636701,40792774.7800,3,3.671500,1,2.076100,-8.843871,22.379673,11.537324,-61.046221,1
2025-07-01,sz.000004,8.8500,9.0300,8.8000,9.0100,8.8500,3931000,34957731.0000,3,3.112700,1,1.807900,-9.003760,22.784278,11.745908,-62.149881,1
2025-07-02,sz.000004,9.0300,9.0500,8.8200,8.9000,9.0100,3719800,33221282.0000,3,2.945500,1,-1.220900,-8.893836,22.506112,11.602506,-61.391115,1
2025-07-03,sz.000004,8.9100,9.0700,8.8600,8.9500,8.9000,3066900,27579230.0000,3,2.428500,1,0.561800,-8.943802,22.632551,11.667689,-61.736009,1
2025-07-04,sz.000004,8.8900,8.9900,8.7500,8.7700,8.9500,3379400,29876315.0000,3,2.675900,1,-2.011200,-8.763926,22.177371,11.433032,-60.494391,1
2025-07-07,sz.000004,8.8000,9.2100,8.8000,9.2100,8.7700,8422900,76954004.0000,3,6.669600,1,5.017100,-9.203622,23.290033,12.006639,-63.529457,1
2025-07-08,sz.000004,9.2200,9.4400,9.1000,9.3500,9.2100,8183400,75575135.0000,3,6.479900,1,1.520100,-9.343525,23.644062,12.189150,-64.495160,1
2025-07-09,sz.000004,9.4000,9.4000,9.1600,9.1900,9.3500,3803165,35076916.4000,3,3.011500,1,-1.711200,-9.183636,23.239457,11.980566,-63.391499,1
2025-07-10,sz.000004,9.2400,9.3000,9.1100,9.2000,9.1900,3411400,31379490.0000,3,2.701300,1,0.108800,-9.193629,23.264745,11.993602,-63.460478,1
2025-07-11,sz.000004,9.1700,9.1900,9.0300,9.1100,9.2000,3579500,32616071.0000,3,2.834400,1,-0.978300,-9.103691,23.037155,11.876273,-62.839669,1
2025-07-14,sz.000004,9.0400,9.1000,8.7800,8.8600,9.1100,4820200,42845164.0000,3,3.816800,1,-2.744200,-8.853864,22.404961,11.550360,-61.115200,1
2025-07-15,sz.000004,8.8000,8.9300,8.5600,8.7200,8.8600,4162200,36326164.0000,3,3.295800,1,-1.580100,-8.713961,22.050932,11.367849,-60.149497,1
2025-07-16,sz.000004,8.7800,8.9400,8.7000,8.8300,8.7200,3811400,33529226.0000,3,3.018000,1,1.261500,-8.823885,22.329098,11.511251,-60.908263,1
2025-07-17,sz.000004,8.8600,8.8600,8.6500,8.8600,8.8300,2822300,24819811.0000,3,2.234800,1,0.339800,-8.853864,22.404961,11.550360,-61.115200,1
2025-07-18,sz.000004,8.8300,8.9700,8.8100,8.8300,8.8600,2561200,22719384.0000,3,2.028100,1,-0.338600,-8.823885,22.329098,11.511251,-60.908263,1
2025-07-21,sz.000004,8.7800,8.8700,8.7600,8.8100,8.8300,3287800,28971665.0000,3,2.603400,1,-0.226500,-8.803899,22.278522,11.485178,-60.770306,1
2025-07-22,sz.000004,8.8100,8.8100,8.6300,8.6400,8.8100,3516601,30526138.2400,3,2.784600,1,-1.929600,-8.634016,21.848630,11.263557,-59.597666,1
2025-07-23,sz.000004,8.6400,8.6400,8.5600,8.5700,8.6400,2579972,22158314.0400,3,2.042900,1,-0.810200,-8.564065,21.671616,11.172301,-59.114815,1
2025-07-24,sz.000004,8.5500,8.6500,8.5200,8.6100,8.5700,2014400,17323216.0000,3,1.595100,1,0.466700,-8.604037,21.772767,11.224447,-59.390730,1
2025-07-25,sz.000004,8.7000,8.8900,8.6900,8.7300,8.6100,4313300,37894638.0000,3,3.415400,1,1.393700,-8.723954,22.076220,11.380885,-60.218475,1
2025-07-28,sz.000004,8.7400,8.8500,8.6900,8.8300,8.7300,3186429,27928525.5900,3,2.523100,1,1.145500,-8.823885,22.329098,11.511251,-60.908263,1
2025-07-29,sz.000004,8.8100,8.8300,8.7300,8.8000,8.8300,1981400,17375522.0000,3,1.569000,1,-0.339800,-8.793906,22.253234,11.472141,-60.701327,1
2025-07-30,sz.000004,8.7800,9.0700,8.7500,8.8200,8.8000,3441138,30589656.9200,3,2.724800,1,0.227300,-8.813892,22.303810,11.498214,-60.839284,1
2025-07-31,sz.000004,8.8200,8.8900,8.6300,8.7800,8.8200,3235851,28344936.6200,3,2.562300,1,-0.453500,-8.773919,22.202659,11.446068,-60.563369,1
2025-08-01,sz.000004,8.7100,8.8900,8.6500,8.8700,8.7800,2874400,25242233.0000,3,2.276100,1,1.025100,-8.863857,22.430249,11.563397,-61.184178,1
2025-08-04,sz.000004,8.8700,8.9400,8.7900,8.9300,8.8700,2785200,24774669.0000,3,2.205400,1,0.676400,-8.923816,22.581975,11.641616,-61.598051,1
2025-08-05,sz.000004,8.9400,9.2600,8.8900,9.1500,8.9300,5183210,47251329.3400,3,4.104300,1,2.463600,-9.143663,23.138306,11.928420,-63.115584,1
2025-08-06,sz.000004,9.1200,9.1600,8.9700,9.0800,9.1500,3291609,29811629.2700,3,2.606400,1,-0.765000,-9.073712,22.961292,11.837164,-62.632733,1
2025-08-07,sz.000004,9.0900,9.1700,9.0000,9.0200,9.0800,3027300,27483518.0000,3,2.397100,1,-0.660800,-9.013753,22.809565,11.758945,-62.218860,1
2025-08-08,sz.000004,9.0600,9.1100,8.8700,8.9400,9.0200,3886357,34829091.2900,3,3.077400,1,-0.886900,-8.933809,22.607263,11.654652,-61.667030,1
2025-08-11,sz.000004,8.9700,9.0100,8.9000,8.9400,8.9400,2840600,25412816.0000,3,2.249300,1,0.000000,-8.933809,22.607263,11.654652,-61.667030,1
2025-08-12,sz.000004,8.9600,9.1400,8.9100,9.1400,8.9400,4350901,39423247.7700,3,3.445200,1,2.237100,-9.133670,23.113019,11.915383,-63.046605,1
2025-08-13,sz.000004,9.1500,9.2100,9.0300,9.0400,9.1400,3255101,29561448.0900,3,2.577500,1,-1.094100,-9.033739,22.860141,11.785018,-62.356818,1
2025-08-14,sz.000004,9.0400,9.0600,8.7800,8.7800,9.0400,3760701,33481206.8000,3,2.977900,1,-2.876100,-8.773919,22.202659,11.446068,-60.563369,1
2025-08-15,sz.000004,8.7800,9.2200,8.7800,9.2200,8.7800,4936773,44816175.8300,3,3.909100,1,5.011400,-9.213615,23.315321,12.019675,-63.598436,1
2025-08-18,sz.000004,9.3200,9.6300,9.2500,9.4100,9.2200,9054101,85645456.2800,3,7.169400,1,2.060700,-9.403483,23.795788,12.267369,-64.909033,1
2025-08-19,sz.000004,9.5700,9.6500,9.4100,9.6000,9.4100,4786300,45568071.0000,3,3.790000,1,2.019100,-9.593352,24.276256,12.515063,-66.219629,1
2025-08-20,sz.000004,9.5500,9.6800,9.4300,9.6800,9.6000,4166091,39967648.0800,3,3.298900,1,0.833300,-9.673296,24.478558,12.619355,-66.771460,1
2025-08-21,sz.000004,9.7500,10.1600,9.7500,10.1600,9.6800,5668309,57241364.4400,3,4.488400,1,4.958700,-10.152964,25.692371,13.245108,-70.082441,1
2025-08-22,sz.000004,10.2800,10.3500,9.8900,10.1900,10.1600,8766510,88293653.6000,3,6.941700,1,0.295300,-10.182943,25.768234,13.284218,-70.289377,1
2025-08-25,sz.000004,10.6400,10.6900,10.1300,10.2400,10.1900,11412876,119788216.8600,3,9.037200,1,0.490700,-8.781251,61.068020,15.054373,-43.019599,1
2025-08-26,sz.000004,10.1400,10.7500,10.1400,10.7500,10.2400,8784202,93534874.3600,3,6.955700,1,4.980500,-9.218599,64.109494,15.804151,-45.162176,1
2025-08-27,sz.000004,11.2900,11.2900,11.2900,11.2900,10.7500,2523470,28489976.3000,3,1.998200,1,5.023300,-9.681672,67.329878,16.598034,-47.430788,1
2025-08-28,sz.000004,11.8500,11.8500,11.2000,11.8200,11.2900,17381117,201965001.2900,3,13.763100,1,4.694400,-10.136171,70.490625,17.377216,-49.657388,1
2025-08-29,sz.000004,11.8000,11.8500,11.2300,11.3100,11.8200,12206207,139305664.6100,3,9.665400,1,-4.314700,-9.698823,67.449151,16.627437,-47.514811,1
2025-09-01,sz.000004,11.3900,11.8800,11.0200,11.0800,11.3100,9529300,109831218.0000,3,7.545700,1,-2.033600,-9.501588,66.077506,16.289302,-46.548550,1
2025-09-02,sz.000004,10.8600,10.9900,10.5300,10.5300,11.0800,6069000,64719545.0000,3,4.805700,1,-4.963900,-9.029939,62.797486,15.480718,-44.237927,1
2025-09-03,sz.000004,10.7300,10.8800,10.2600,10.4500,10.5300,8566975,90590077.6700,3,6.783700,1,-0.759700,-8.961335,62.320392,15.363105,-43.901837,1
2025-09-04,sz.000004,10.3900,10.6500,10.0800,10.3000,10.4500,6399607,65950262.5400,3,5.067500,1,-1.435400,-8.832704,61.425841,15.142582,-43.271667,1
2025-09-05,sz.000004,10.3000,10.5000,9.9500,10.3700,10.3000,5957200,60892078.0000,3,4.717200,1,0.679600,-8.892732,61.843298,15.245493,-43.565746,1
2025-09-08,sz.000004,10.3100,10.8600,10.3100,10.6100,10.3700,6438000,68314007.0000,3,5.097900,1,2.314400,-9.098542,63.274580,15.598330,-44.574018,1
2025-09-09,sz.000004,10.6200,10.7100,10.4000,10.4300,10.6100,4355200,45832842.0000,3,3.448600,1,-1.696500,-8.944184,62.201118,15.333702,-43.817814,1
2025-09-10,sz.000004,10.4300,10.7900,10.4300,10.6600,10.4300,4323510,45973715.8400,3,3.423500,1,2.205200,-9.141420,63.572763,15.671838,-44.784074,1
2025-09-11,sz.000004,10.6600,10.9900,10.5400,10.7600,10.6600,4796100,51685119.0000,3,3.797800,1,0.938100,-9.227174,64.169131,15.818853,-45.204188,1
2025-09-12,sz.000004,10.8000,10.8900,10.3800,10.4700,10.7600,6465700,68438390.0000,3,5.119800,1,-2.695200,-8.978486,62.439665,15.392508,-43.985859,1
2025-09-15,sz.000004,10.5300,10.7900,10.5000,10.7300,10.4700,5274343,56188136.4800,3,4.176400,1,2.483300,-9.201448,63.990220,15.774748,-45.078154,1
2025-09-16,sz.000004,10.6200,11.2700,10.6200,11.2700,10.7300,4847230,53907524.1000,3,3.838200,1,5.032600,-9.664521,67.210604,16.568631,-47.346765,1
2025-09-17,sz.000004,11.5900,11.8300,11.2100,11.3100,11.2700,10659438,123215831.9800,3,8.440600,1,0.354900,-9.698823,67.449151,16.627437,-47.514811,1
2025-09-18,sz.000004,11.4300,11.4900,10.7400,10.8200,11.3100,9365624,103527677.9200,3,7.416100,1,-4.332400,-9.278627,64.526951,15.907062,-45.456256,1
2025-09-19,sz.000004,10.7700,11.3000,10.4600,10.9300,10.8200,8514536,91927960.6200,3,6.742200,1,1.016600,-9.372957,65.182955,16.068779,-45.918380,1
2025-09-22,sz.000004,10.9100,10.9100,10.4200,10.5600,10.9300,5116991,54339718.8000,3,4.051900,1,-3.385200,-9.055665,62.976396,15.524822,-44.363961,1
2025-09-23,sz.000004,10.4800,10.5000,10.0300,10.2100,10.5600,5150320,52473837.4900,3,4.078200,1,-3.314400,-8.755525,60.889110,15.010268,-42.893565,1
2025-09-24,sz.000004,10.5200,10.7200,10.3800,10.6500,10.2100,8061128,85636133.8000,3,6.383100,1,4.309500,-9.132844,63.513126,15.657136,-44.742063,1
2025-09-25,sz.000004,10.4500,10.5500,10.2200,10.4800,10.6500,6061538,62969556.4800,3,4.799800,1,-1.596200,-8.987062,62.499302,15.407210,-44.027871,1
2025-09-26,sz.000004,10.4500,10.5400,10.1200,10.4800,10.4800,4522238,46695269.1200,3,3.580900,1,0.000000,-8.987062,62.499302,15.407210,-44.027871,1
2025-09-29,sz.000004,10.4500,10.7400,10.2300,10.5900,10.4800,4074700,42832039.0000,3,3.226500,1,1.049600,-9.081392,63.155306,15.568927,-44.489995,1
2025-09-30,sz.000004,11.1200,11.1200,11.1200,11.1200,10.5900,1067332,11868731.8400,3,0.845200,1,5.004700,-9.535890,66.316053,16.348108,-46.716595,1
2025-10-09,sz.000004,11.6800,11.6800,11.6800,11.6800,11.1200,818700,9562416.0000,3,0.648300,1,5.036000,-10.016115,69.655711,17.171394,-49.069230,1
2025-10-10,sz.000004,11.8000,12.2600,11.6900,12.2600,11.6800,16258195,196172384.8900,3,12.873900,1,4.965800,-10.513490,73.114641,18.024083,-51.505887,1
2025-10-13,sz.000004,12.2000,12.8700,11.8400,12.8700,12.2600,6282918,78447631.2800,3,4.975100,1,4.975500,-11.036592,76.752482,18.920877,-54.068578,1
2025-10-14,sz.000004,13.5100,13.5100,12.8200,13.3500,12.8700,14148703,187171303.5200,3,11.203500,1,3.729600,-11.448213,79.615046,19.626551,-56.085121,1
2025-10-15,sz.000004,13.3300,13.8900,12.7100,12.8700,13.3500,14170300,187107516.3600,3,11.220600,1,-3.595500,-11.036592,76.752482,18.920877,-54.068578,1
2025-10-16,sz.000004,12.6600,13.2500,12.6300,12.8800,12.8700,10670600,138367674.6000,3,8.449400,1,0.077700,-11.045167,76.812119,18.935579,-54.110589,1
2025-10-17,sz.000004,12.6100,12.7900,12.2400,12.2400,12.8800,8872100,109968575.0000,3,7.025300,1,-4.968900,-10.496339,72.995368,17.994680,-51.421864,1
2025-10-20,sz.000004,12.4300,12.8500,12.4000,12.8500,12.2400,5804801,73219720.6200,3,4.596500,1,4.983700,-11.019441,76.633209,18.891474,-53.984555,1
2025-10-21,sz.000004,13.2300,13.4700,12.7400,12.8700,12.8500,9087000,118674060.0000,3,7.195500,1,0.155600,-11.036592,76.752482,18.920877,-54.068578,1
2025-10-22,sz.000004,12.9800,13.2000,12.7800,13.1400,12.8700,6053980,78762829.7400,3,4.793800,1,2.097900,-11.268129,78.362674,19.317818,-55.202884,1
2025-10-23,sz.000004,13.4000,13.8000,13.1000,13.8000,13.1400,11007971,149978040.5400,3,8.716600,1,5.022800,-11.834108,82.298699,20.288120,-57.975631,1
2025-10-24,sz.000004,13.8000,13.9800,13.2500,13.4400,13.8000,10841364,145956906.5500,3,8.584700,1,-2.608700,-11.525392,80.151777,19.758865,-56.463223,1
2025-10-27,sz.000004,13.4000,13.5500,13.1200,13.3600,13.4400,6592878,87652772.3800,3,5.220500,1,-0.595200,-11.456789,79.674683,19.641252,-56.127133,1
2025-10-28,sz.000004,13.3000,13.3000,12.7000,12.7700,13.3600,9669426,125455629.1200,3,7.656700,1,-4.416200,-10.950838,76.156115,18.773862,-53.648464,1
2025-10-29,sz.000004,12.7300,13.0100,12.4800,12.6100,12.7700,4929600,62589806.0000,3,3.903500,1,-1.252900,-10.813631,75.201927,18.538637,-52.976283,1
2025-10-30,sz.000004,12.6100,13.2400,12.5200,12.6500,12.6100,8023786,103150349.6400,3,6.353600,1,0.317200,-10.847932,75.440474,18.597443,-53.144329,1
2025-10-31,sz.000004,12.0200,12.4100,12.0200,12.2800,12.6500,10192157,123557910.3000,3,8.070600,1,-2.924900,-13.238078,43.998079,22.030970,-225.444531,1
2025-11-03,sz.000004,12.2600,12.8900,12.0300,12.8900,12.2800,9342065,117622080.6100,3,7.397400,1,4.967400,-13.895670,46.183652,23.125342,-236.643323,1
2025-11-04,sz.000004,13.0000,13.2000,12.7000,12.8800,12.8900,8588300,111113533.9500,3,6.800600,1,-0.077600,-13.884890,46.147822,23.107401,-236.459736,1
2025-11-05,sz.000004,13.2000,13.5200,12.9500,13.3300,12.8800,12939864,173235648.9300,3,10.246300,1,3.493800,-14.369999,47.760130,23.914725,-244.721140,1
2025-11-06,sz.000004,12.9500,13.0000,12.6600,12.6600,13.3300,6298963,80512689.4000,3,4.987800,1,-5.026300,-13.647726,45.359583,22.712710,-232.420828,1
2025-11-07,sz.000004,12.2200,12.6400,12.0600,12.4300,12.6600,8877765,108859549.8500,3,7.029800,1,-1.816700,-13.399781,44.535515,22.300078,-228.198333,1
2025-11-10,sz.000004,12.4300,12.4800,11.8400,11.9800,12.4300,8696827,105299683.5900,3,6.886500,1,-3.620300,-12.914672,42.923208,21.492754,-219.936929,1
2025-11-11,sz.000004,12.0400,12.1000,11.7800,11.9700,11.9800,4846800,57777786.0000,3,3.837900,1,-0.083500,-12.903892,42.887378,21.474813,-219.753342,1
2025-11-12,sz.000004,11.9000,11.9600,11.4700,11.9400,11.9700,6435542,75264777.2200,3,5.095900,1,-0.250600,-12.871552,42.779891,21.420992,-219.202582,1
2025-11-13,sz.000004,11.8100,11.8900,11.4500,11.5000,11.9400,6460600,75662806.0000,3,5.115800,1,-3.685100,-12.397223,41.203413,20.631608,-211.124765,1
2025-11-14,sz.000004,11.4600,11.7700,11.4100,11.6100,11.5000,4313600,50100567.0000,3,3.415700,1,0.956500,-12.515805,41.597533,20.828954,-213.144219,1
2025-11-17,sz.000004,11.7100,11.7300,11.1800,11.3500,11.6100,5416600,61864248.0000,3,4.289100,1,-2.239400,-12.235520,40.665977,20.362500,-208.370963,1
2025-11-18,sz.000004,11.4500,11.9200,11.4500,11.6400,11.3500,8291772,97790667.9200,3,6.565800,1,2.555100,-12.548146,41.705020,20.882776,-213.694979,1
2025-11-19,sz.000004,11.4600,11.4600,11.0700,11.1800,11.6400,5841937,65693801.0300,3,4.625900,1,-3.951900,-12.052257,40.056883,20.057511,-205.249989,1
2025-11-20,sz.000004,11.0900,11.1800,10.8600,11.0900,11.1800,3876072,42713969.2000,3,3.069200,1,-0.805000,-11.955235,39.734422,19.896047,-203.597708,1
2025-11-21,sz.000004,10.9500,10.9900,10.5400,10.5400,11.0900,5388700,57419193.0000,3,4.267000,1,-4.959400,-11.362324,37.763824,18.909318,-193.500437,1
2025-11-24,sz.000004,10.5500,10.9300,10.3500,10.7500,10.5400,2991700,31917836.0000,3,2.369000,1,1.992400,-11.588709,38.516234,19.286069,-197.355758,1
2025-11-25,sz.000004,10.7400,11.0200,10.7200,10.8200,10.7500,2743879,29885139.9900,3,2.172700,1,0.651200,-11.664170,38.767037,19.411652,-198.640866,1
2025-11-26,sz.000004,10.8000,10.9500,10.6400,10.6800,10.8200,2546200,27515155.0000,3,2.016200,1,-1.293900,-11.513247,38.265430,19.160485,-196.070651,1
2025-11-27,sz.000004,10.7000,11.2100,10.6600,11.2100,10.6800,2695100,29909088.0000,3,2.134100,1,4.962500,-12.084597,40.164370,20.111333,-205.800749,1
2025-11-28,sz.000004,11.5700,11.7700,11.4100,11.7700,11.2100,10132150,117942205.0000,3,8.023100,1,4.995500,-12.688288,42.170797,21.116003,-216.081607,1
2025-12-01,sz.000004,11.9300,12.3600,11.7800,12.3600,11.7700,9274500,113410422.0000,3,7.343900,1,5.012700,-13.324320,44.284712,22.174494,-226.913225,1
2025-12-02,sz.000004,12.4300,12.5900,11.8600,11.9900,12.3600,6591050,79681653.5000,3,5.219100,1,-2.993500,-12.925453,42.959037,21.510694,-220.120516,1
2025-12-03,sz.000004,11.9400,12.2800,11.5600,11.6600,11.9900,5494522,64850222.9600,3,4.350800,1,-2.752300,-12.569706,41.776678,20.918657,-214.062153,1
2025-12-04,sz.000004,11.7300,11.8400,11.3600,11.4200,11.6600,3283700,37703208.3500,3,2.600200,1,-2.058300,-12.310982,40.916780,20.488084,-209.656071,1
2025-12-05,sz.000004,11.3800,11.6000,11.1800,11.6000,11.4200,2766800,31587961.0000,3,2.190900,1,1.576200,-12.505025,41.561703,20.811014,-212.960632,1
2025-12-08,sz.000004,11.7200,11.8200,11.3000,11.3500,11.6000,3580853,41051452.8600,3,2.835500,1,-2.155200,-12.235520,40.665977,20.362500,-208.370963,1
2025-12-09,sz.000004,11.3500,11.5300,11.2900,11.3700,11.3500,2075600,23705692.0000,3,1.643500,1,0.176200,-12.257081,40.737635,20.398381,-208.738137,1
2025-12-10,sz.000004,11.3600,11.9400,11.2000,11.9400,11.3700,6374152,75144333.3600,3,5.047300,1,5.013200,-12.871552,42.779891,21.420992,-219.202582,1
2025-12-11,sz.000004,11.3400,11.5400,11.3400,11.3400,11.9400,5919900,67178857.0000,3,4.687600,1,-5.025100,-12.224740,40.630148,20.344560,-208.187377,1
2025-12-12,sz.000004,11.1700,11.3600,10.8200,10.9100,11.3400,4519001,49905507.8400,3,3.578300,1,-3.791900,-11.761192,39.089499,19.573117,-200.293146,1
2025-12-15,sz.000004,10.8000,11.0500,10.6800,10.8200,10.9100,2154872,23476587.4000,3,1.706300,1,-0.824900,-11.664170,38.767037,19.411652,-198.640866,1
2025-12-16,sz.000004,10.8200,10.9200,10.3000,10.4300,10.8200,2776989,29166422.9600,3,2.198900,1,-3.604400,-11.243742,37.369704,18.711972,-191.480982,1
2025-12-17,sz.000004,10.3600,10.4300,9.9100,10.2000,10.4300,4755107,47696976.4400,3,3.765300,1,-2.205200,-10.995798,36.545636,18.299340,-187.258487,1
2025-12-18,sz.000004,10.2000,10.6500,10.1800,10.4300,10.2000,2329050,24432488.3400,3,1.844200,1,2.254900,-11.243742,37.369704,18.711972,-191.480982,1
2025-12-19,sz.000004,10.4000,10.6200,10.3400,10.5700,10.4300,1406000,14728224.0000,3,1.113300,1,1.342300,-11.394665,37.871311,18.963139,-194.051197,1
2025-12-22,sz.000004,10.5800,10.7400,10.5100,10.5900,10.5700,1577800,16783751.0000,3,1.249400,1,0.189200,-11.416225,37.942969,18.999020,-194.418370,1
2025-12-23,sz.000004,10.5900,10.8500,10.1200,10.2800,10.5900,2869100,29906685.0000,3,2.271900,1,-2.927300,-11.082039,36.832268,18.442864,-188.727181,1
2025-12-24,sz.000004,10.3200,10.7600,10.1600,10.5800,10.2800,2263300,23840123.0000,3,1.792200,1,2.918300,-11.405445,37.907140,18.981080,-194.234784,1
2025-12-25,sz.000004,10.5800,10.9200,10.5800,10.9200,10.5800,2684137,28998835.8200,3,2.125400,1,3.213600,-11.771972,39.125328,19.591058,-200.476733,1
2025-12-26,sz.000004,10.9100,10.9900,10.7300,10.8900,10.9200,2141215,23217643.9000,3,1.695500,1,-0.274700,-11.739631,39.017841,19.537236,-199.925973,1
2025-12-29,sz.000004,10.9000,11.2000,10.7100,10.8800,10.8900,2759000,30271050.0000,3,2.184700,1,-0.091800,-11.728851,38.982012,19.519296,-199.742386,1
2025-12-30,sz.000004,10.8400,11.4100,10.7300,11.2700,10.8800,4099742,45564673.5600,3,3.246300,1,3.584600,-12.149279,40.379345,20.218976,-206.902269,1
2025-12-31,sz.000004,11.3000,11.3500,11.0700,11.0800,11.2700,1805600,20248567.0000,3,1.429800,1,-1.685900,-11.944455,39.698593,19.878106,-203.414121,1
2026-01-05,sz.000004,11.0800,11.0800,10.7300,10.9300,11.0800,3785573,41148291.5600,3,2.997600,1,-1.353800,-11.782752,39.161157,19.608998,-200.660320,1
2026-01-06,sz.000004,10.9300,11.1500,10.9000,10.9700,10.9300,2596673,28615306.0800,3,2.056200,1,0.366000,-11.825873,39.304473,19.680760,-201.394667,1
2026-01-07,sz.000004,10.9700,11.0000,10.5800,10.6500,10.9700,2558500,27467906.0000,3,2.025900,1,-2.917000,-11.480907,38.157943,19.106663,-195.519891,1
2026-01-08,sz.000004,10.6000,10.7300,10.3800,10.4100,10.6500,3670573,38560313.8000,3,2.906500,1,-2.253500,-11.222182,37.298046,18.676091,-191.113809,1
2026-01-09,sz.000004,10.4300,10.6700,10.4300,10.5800,10.4100,2382493,25140936.1500,3,1.886600,1,1.633000,-11.405445,37.907140,18.981080,-194.234784,1
2026-01-12,sz.000004,10.5500,10.6800,10.4600,10.6100,10.5800,3178900,33619299.0000,3,2.517200,1,0.283600,-11.437786,38.014627,19.034901,-194.785544,1
2026-01-13,sz.000004,10.6200,11.1400,10.5200,11.1400,10.6100,5481800,60363402.0000,3,4.340700,1,4.995300,-12.009136,39.913567,19.985749,-204.515642,1
2026-01-14,sz.000004,11.1400,11.5800,11.0100,11.4000,11.1400,5860738,66666074.4400,3,4.640800,1,2.333900,-12.289421,40.845122,20.452203,-209.288897,1
2026-01-15,sz.000004,11.3000,11.6400,10.8900,10.9000,11.4000,4213700,46918711.0000,3,3.336600,1,-4.386000,-11.750411,39.053670,19.555177,-200.109560,1
2026-01-16,sz.000004,11.0000,11.4500,10.9600,11.1400,10.9000,6157821,69453813.4500,3,4.876000,1,2.201800,-12.009136,39.913567,19.985749,-204.515642,1
2026-01-19,sz.000004,10.8700,11.1100,10.5800,10.9100,11.1400,5660214,61113837.7100,3,4.482000,1,-2.064600,-11.761192,39.089499,19.573117,-200.293146,1
2026-01-20,sz.000004,10.8400,11.4600,10.8100,11.4500,10.9100,6423763,72731777.3500,3,5.086600,1,4.949600,-12.343322,41.024268,20.541906,-210.206831,1
